1A1_sC,1A1_sC:1A1_2025_pSC101_EcTrpRS-h14_colR_VF.dna
1A2_rK,1A2_rK:1A2_2025_pSC101_EcTrpRS-h14_colR_VF.dna
1A3_pH,1A3_pH:1A3_2025_pSC101_EcTrpRS-h14_colR_VF.dna
1A4_tCol,1A4_tCol:1A4_2025_pSC101_EcTrpRS-h14_colR_VF.dna
2A1_trpS,2A1_trpS:2A1_2025_pSC101_EcTrpRS-h14_colR_VF.dna
2A2_sacB,2A2_sacB:2A2_2025_pSC101_EcTrpRS-h14_colR_VF.dna
2A3_rpsL,2A3_rpsL:2A3_2025_pSC101_EcTrpRS-h14_colR_VF.dna
2A4_pheS,2A4_pheS:2A4_2025_pSC101_EcTrpRS-h14_colR_VF.dna
2B1_trpS,2B1_trpS:2B1_2025_pSC101_EcTrpRS-h14_colR_VF.dna
2B2_sacB,2B2_sacB:2B2_2025_pSC101_EcTrpRS-h14_colR_VF.dna
2B3_rpsL,2B3_rpsL:2B3_2025_pSC101_EcTrpRS-h14_colR_VF.dna
2B4_pheS,2B4_pheS:2B4_2025_pSC101_EcTrpRS-h14_colR_VF.dna
3A1_resD,3A1_resD:3A0Amp_2025_pSC101_EcTrpRS-h14_colR_VF.dna
100k01_LSup,caggcagtttggtcacggccagcgcgcagcaaccggagcgtacaaaagtacgtgaggatggcgagcactgcccgggg
100k02_LSup,cgaataCAGCCGTGCGCCGATGCCTGACGTGCCTTATTAGGCAGGGGCGAAAGGGACTTCACC
100k03_LSup,gttgggtgtgaatataaaccccaaaccaccacggaagccggtttacgctggatggatccgtaccgttaaaacgtaacgctattcagacaatgcttttttagg
100k04_LSup,gaacgtgtgcgtcaggtgcgcgcgcaactgcccgtcttaaaCAACCGTCGCTTTGCGCCGCCGCAATTATTATGATGTTTTTTTACTCGGCGCTTGATTCA
100k05_LSup,gcaagggattttttgcccattgcttgccgatattgttctcattGTCGGGCTGATTTTCTTCTTCTTTTAAATCAGAATTCTCTTTAAAAAATTATGGGCCGCT
100k06_LSup,gcttgaaaattgtctgatgagcttaacgctgagtatccagagcctgCAGAAGCACGCCATGCTTGAGAAGGCCTGAAAACTAAGGGGGAGAAAGCGTCTCCC
100k07_LSup,aagcggaacaattaatcaggtaaatgaaGTAGTTCGGGGAAATCAGTTGTCGTAATAATTAGCATGATTGGGGGCGATTCTCTGCAGCCC
100k08_LSup,cctatcggcggcggttatttttttgcgctgccgggggtgaaggacgcgaacgattattTCGGAAGCGCGTTATTGCGGGTTTAATGTTTTTAGGCGGATAAGGCATTTGTGCGCAGATG
100k09_LSup,cagcttcctggtggcggtggtgggagctattctcgttctgggCATATTCCGCCTCCTGCGAAGAGAATAAGATTTTCATAAGGCGGATAGCGATACAGATG
100k10_LSup,accattaaaccgattcgcggtCTTGATGGCCTGTAATTTTTAAAAAAAATCCGACTTTAGTTACAACATACTAATTATTAATGTT
100k11_LSup,gtgcagtgctttggaaatggtcccctcgggggagttgtcattattttCTATGCTATTTGCTTATTATATTCATCAGGTGAATTTAATAAATTCCTAATTTGAAATAT
100k12_LSup,aggttacagtgtcacgtttttttatCTCTTAAAGCACGCACTGCTTTTGCGGCTGGCCTCTTTTGCCGCAAAATAGTCGC
100k13_LSup,tgacatgcaatattCCTGGAAACATAAACTTTATGCCATGTACCCAGGGAAAATCATCTTCAGTATAGTAATTATGTAAA
100k14_LSup,aaggcaatgccaccacgccacagGTTGCCGACGCGATTTGCAAAATTATTTTGCGTTAAGGTCAAACCAGTTTATTTGAA
100k15_LSup,tatgaagcaaaaacggcaGCTCTGATACTTGCTTCACAGGTCAACATTTTTTTAACAATCAAGTGCAATTATATCTCTCG
100k16_LSup,cctgaaactgtaatagcaatttttaatcgtgaactaCAGAATATATTCAACCAAGAAATAGAATAATATACTCTAAATAATTCAAATTGGT
100k17_LSup,ctggctttgcgccagcgaccagtgagtatgccccgacgggatgcatCAATCTTCACATTGACCTTCCATCATTAACGCGCTCTGAAAATTGAGAGCGACC
100k18_LSup,gtcacgctaccgcgtgtcgatgatatcgagctgtctttgagcaagttcgcgCGTTTCCTTTCTGGTTATCATCAGCTGTAATCTTAATTTCACTGCCGGAGATTGCAT
100k19_LSup,gtcgattgctatcgcgataaacacgcgatgtggcGGTAACAATCTACCGGTTATTTTGTAAACCGTTTGTGTGAAACAGGGGTGGCTTATGCCGCCCCTTATT
100k20_LSup,gctgcgaaataaatataaaattaatatatatgttgtaatgatatatttttataaattattcCCTGCGTGAATTTTAATAAATTTAATCTATCCCTTTATACGCAATACATTTACTTT
100k21_LSup,ctgccagctgcaaCAATGTTGAAAATGCCAGCCAACTGCATGAAGTATGGCAAAAAGGGGCTGATGAAAATGCCAGCACAATACGATTAAATTAATTAAAACC
100k22_LSup,caggttaaacccgttgtgccgctgttaagtgcggtgatggtaaaagaaacctgcaccgcaggttgtatctatcgcggcgaatgataagagtgtgtcggcggtcaatttc
100k23_LSup,gaagataatggctaagcattacaatcatttggttaaatttgctggttatagtgcagttaaccactataa
100k24_LSup,gatgccatcgaagcacGTTTACAGCAGCAGTAACCCACCTTAGCGAGAAGGATCTCGTTGAGACTCTGAGTGACAGCGC
100k25_LSup,ggattaacggctgaagagcgccatattgaagcgacgccagccagcaatgttgattaagcagaataataaaaaatgagcaggcattttccctctt
100k26_LSup,ctggcacgccagttgaccaaacataaagataaactgaaaCAACACTAATTGTCCGGGCAATTAGCATGTGCATGGCGGTCTGTTGTGCGGCACAACGGG
100k27_LSup,TTAGGTTTCGTCAGCCGTCACCGTCAGCATAACACCCTGACCTCTCATTAATTGCTCATGCCGGACGGCACTATCGTCGTCCGGCCTTTT
100k28_LSup,gtcttccgcacgtcagctgatcaacaccgttcacgttgatatgctgattgttccgctgcgcgacgaagaagaataatcttccctctacgacgtgttcctgaacgc
100k29_LSup,TTCCCCCGCTACGTGCATCTATTTCTATAAACCCGCTCATTTTGTCTATTTTTTGCAC
100k30_LSup,caccggggaatttactagtgacGACCTGCTGGGGCGGATTTTCTCCAGCTTCTGTATTGGTAAGTAACCGCGCTTACGAAG
100k31_LSup,cagccgagccgcattaAGCGTCAGCTTCGTTTGCTGCGTTATTTACGCTGGCACTACACCGGCAACCTATGATTTTCCTCTCTTTGTAAAGCGACGGAGTGGTCAC
100k32_LSup,gcaaagggaggcaggcaaaagggggaggtagttggtgttgatGATCAGTGTAAGGAGCATAAGGAATGACAAAAATTTTTCATTCTTGAATATAAAAAACAGATGC
100k33_LSup,cgatatcgagctgATAAAAGGCCTTAGGGCAGACCTGCGTGAGGCGGGTGAGAGCAATATTGGTATAATTTTTCAGCAATAAGACCAGAAAACGTGATTTAACG
100k34_LSup,cagcgaaaagctctgttgttaaagggttgcgcaacataccgcGCAAATGATACTGATCATAAGCGTTAAAAAAATCTACAAACCAACGCAACACAATTCATGC
100k35_LSup,gtgtgccgatcGATATCATCTCTACCGGTCCGGATCGTACTGAAACCATGATTCTGCGCGACCCGTTCGACGCGTAATTCTGGTACGCCTGGCAGATATTTTG
100k36_LSup,cagcatggtcaacctgcgcctggcacaggaacgttatccggacgttCAGTTCCACCAGACCCGCGAGCATTAATTCTTGCCTCCAGGGCGCGGTAGCCGCTGCGC
100k37a_LSup,attcctgccgttccgctcacggaacttaaccgcgagcagaagtggcagatgatgttgagtaagagtatgcgtcgttaa
100k37b_LSup,CGGCGTGCTCAGCCGTAGCTAAGCCGCGAACAAAAATACGCGCCAGGTGAATTTC
100k01_LSdown,tggcaaataaaatagcctaataatccAgacgATTACCCGTAATATGTTTAATCAGGGCTATA
100k02_LSdown,CACCTACGGCGTTTACAGGTATACTCGCTAAAAATTATTCAGCGGGTTTGGAAACAAAG
100k03_LSdown,agttggcaggggatcgtgttgtctgaattcaggaaaagcgaaatttaaaagag
100k04_LSdown,TACAGATTGCTATTGTGTGCGCGCGTCGAATGACCGTTAATATTCTCTGGTTTTTAAGGCGCG
100k05_LSdown,CCATAAATTTTTACGCTCCCTTAACTTGCCCTCATTCCCAAACCTCAATCG
100k06_LSdown,TGTTTAAGTTTTTGTAAAAATGAATTTGTTATCTCCTCCACTGACTACGCTTTAAGCCAGAGTC
100k07_LSdown,CTGCTGGGGTTGAGTCATCTTGACGTCTGCTTTACGGGCGGTTAAGGTGCCTCTTGTGC
100k08_LSdown,GCGACGCTTGCGCGTCTTATCATGCCTACAATCAGTGCGGGTTTGGTAGGCTGGATAAGG
100k09_LSdown,TCCGCTTTCACATCAGAACGTATACTCGACACCTGCTTTACGGGTGAAAAAAATCAA
100k10_LSdown,TGCTCCGGCAACGACGGCGCAGAAAAAGCCTGCCAGGGGAGAAATCGCAACTG
100k11_LSdown,TTAAGCTAGTGTTTAACGACGTTAAGATGGCAATGTGCAGATCATGTTATCAGGGTG
100k12_LSdown,TTCATTGCCCATTTCTGCTCATGCATCATCTACACATCTATCCGGATCTGCGCACTATG
100k13_LSdown,GAGAACAATACGTACGGTAACGAAATTATCTTTCAGCAAGGAGCTGTGAAAATGTCTC
100k14_LSdown,CACTGACGCGGTTTTTTTATTCGTTCTTTGCAGTAAATAACCTGCGTCATTTCACCTTTTATTG
100k15_LSdown,GAATGATTTTCACGTTTACTATGAACCACCTTTTTATTTCCACCGTGAGGGATTATG
100k16_LSdown,CGGCGCAACGTCCCAATGGCCTGGATTATAAATCTCATTATCTTAATTGCAACGGGGTCC
100k17_LSdown,AATTAATAAGCCATTTTTATAGCCGCTAAGATATTAAAGGATGTGTCAAAGATGCATAC
100k18_LSdown,GCGTTATCCCGCCACAATGACCTGATGATGTCATCATACGTAAGGTCACTATGAAACAG
100k19_LSdown,TGCATGTCATTATTTCCCTTCTGTATATAGATATGCTAAATCCTTACTTCCGCATATTCTC
100k20_LSdown,TTGATGATCTTAAATGTCTTATTTTTCGTAATGTGTATAACAAGGAATAGTGATG
100k21_LSdown,ATAAATTAAACATAAGATTTTACTCATTGTGTTTTATTTCTCACATTGATGACGGTCGCATG
100k22_LSdown,gtaacgctatgttagggtgttgtgttctggatatctggggcatgacatggaagac
100k23_LSdown,cctcttatgttttcttaaatcagcatcttaaaacagttaagagcatactataaatc
100k24_LSdown,TTCCACGCATACTGGGCGCTGTTGCTTTTTTGAACCAGGAAACAGAACCTCTGACAATG
100k25_LSdown,tgaggagagggaaaatagtttctgcctttatatttttataattacaacgataaaaggctg
100k26_LSdown,GTACGGTTAATGCTCCGAGCCTGTTCCACTGTTTGAGTGGGCAGGTTCTTAGGTGAAATTATG
100k27_LSdown,TTCCCCCGCTACGTGCATCTATTTCTATAAACCCGCTCATTTTGTCTATTTTTTGCAC
100k28_LSdown,catatgcgggcgttttgctttttggcgcgccttgttacctgatcagcgtaaacacc
100k29_LSdown,GCGCTACGCTTATCAGGCCTACAGGATGCATCACAATTTGTTGAATTTGCACGTTCTTGTAG
100k30_LSdown,TCTGACTGTCAGATGCGGCTTCGCTTCATTGTTACCACTCCTGTTATTCCTCAAC
100k31_LSdown,CCTGTCTGCTTTTTTATTACACAAAGCATTCAAATTTTTAATGCTTTATTTGCCATTTC
100k32_LSdown,TCTGGTATTAATACAAGGCTGTTTTACTTGAACTTATAATAACTGCAACTGTTACATC
100k33_LSdown,TTGTCGTACCTGGAGTCTTCCCTTTCGCCCCCCGTCTGGTCTACATTTGG
100k34_LSdown,AGTATGTCACGTTCTCGCGTTTCTGAACGGGGAACGGCGCTCCATTGAGGAAGTCATTCATATG
100k35_LSdown,GGGCGAACAGTGTGATACATTGCTGTGTCGGGTAAGCCATTACGCTATCCGACAC
100k36_LSdown,AATTTCCCTTCCTTATTAGCCGCTTACGGAATGTTCTTAAAACATTCACTTTTGC
100k37a_LSdown,GTCCTGCTTGCCAGATGCGATGTTGTAGCATCTTATCCAGCAACCAGGTCGCATC
100k37b_LSdown,TCAGTGGGAAATTGTGGGGCAAAGTGGGAATAAGGGGTGAGGCTGGCATG
100k01_chonks,Syn61_2_1.dna:83868-181913
100k02_chonks,Syn61_2_1.dna:181842-303409
100k03_chonks,Syn61_2_1.dna:303346-437646
100k04_chonks,Syn61_2_1.dna:437553-535192
100k05_chonks,Syn61_2_1.dna:535095-640199
100k06_chonks,Syn61_2_1.dna:640097-744282
100k07_chonks,Syn61_2_1.dna:744180-848683
100k08_chonks,Syn61_2_1.dna:848593-942082
100k09_chonks,Syn61_2_1.dna:941963-1053733
100k10_chonks,Syn61_2_1.dna:1053632-1149297
100k11_chonks,Syn61_2_1.dna:1149212-1243458
100k12_chonks,Syn61_2_1.dna:1243351-1350256
100k13_chonks,Syn61_2_1.dna:1350142-1457458
100k14_chonks,Syn61_2_1.dna:1457339-1566734
100k15_chonks,Syn61_2_1.dna:1566627-1670038
100k16_chonks,Syn61_2_1.dna:1669922-1782289
100k17_chonks,Syn61_2_1.dna:1782201-1877893
100k18_chonks,Syn61_2_1.dna:1877793-1983186
100k19_chonks,Syn61_2_1.dna:1983078-2088719
100k20_chonks,Syn61_2_1.dna:2088616-2179406
100k21_chonks,Syn61_2_1.dna:2179289-2291411
100k22_chonks,Syn61_2_1.dna:2291309-2407283
100k23_chonks,Syn61_2_1.dna:2407176-2506582
100k24_chonks,Syn61_2_1.dna:2506513-2603057
100k25_chonks,Syn61_2_1.dna:2602962-2705306
100k26_chonks,Syn61_2_1.dna:2705212-2824202
100k27_chonks,Syn61_2_1.dna:2824103-2950125
100k28_chonks,Syn61_2_1.dna:2950020-3086357
100k29_chonks,Syn61_2_1.dna:3086252-3208164
100k30_chonks,Syn61_2_1.dna:3208059-3322244
100k31_chonks,Syn61_2_1.dna:3322182-3414805
100k32_chonks,Syn61_2_1.dna:3414701-3513734
100k33_chonks,Syn61_2_1.dna:3513628-3634434
100k34_chonks,Syn61_2_1.dna:3634331-3728761
100k35_chonks,Syn61_2_1.dna:3728660-3840388
100k36_chonks,Syn61_2_1.dna:3840295-3950880
100k37a_chonks,Syn61_2_1.dna:3950775-29499
100k37b_chonks,Syn61_2_1.dna:29373-83922